consola,amigos
Xbox One,SI
Xbox One,NO
Play Station 4,SI
Play Station 4,NO
Play Station 4,SI
Xbox One,NO
Switch,SI
Play Station 4,SI
Xbox One,NO
Play Station 4,SI
Xbox One,NO
Play Station 4,SI
Xbox One,NO
Play Station 4,NO
Xbox One,NO
Play Station 4,SI
Xbox One,SI
Switch,NO
Play Station 4,SI
Play Station 4,SI
Switch,NO
Xbox One,NO
Play Station 4,NO
Xbox One,NO
Play Station 4,SI
Play Station 4,SI
Switch,SI
Play Station 4,SI
Switch,NO
Play Station 4,NO
Play Station 4,NO
Play Station 4,SI
Switch,NO
Xbox One,NO
Switch,SI
Play Station 4,SI
Switch,NO
Switch,SI
Play Station 4,NO
Xbox One,NO
Xbox One,NO
Switch,NO
Switch,NO
Xbox One,SI
Xbox One,NO
Play Station 4,NO
Play Station 4,NO
Play Station 4,SI
Play Station 4,NO
Xbox One,SI
Switch,SI
Switch,NO
Play Station 4,NO
Switch,SI
Play Station 4,NO
Play Station 4,NO
Xbox One,SI
Play Station 4,NO
Play Station 4,NO
Xbox One,NO
Play Station 4,NO
Xbox One,SI
Xbox One,SI
Xbox One,NO
Xbox One,NO
Switch,SI
Switch,SI
Play Station 4,NO
Switch,SI
Xbox One,NO
Xbox One,SI
Play Station 4,SI
Switch,NO
Switch,SI
Xbox One,NO
Switch,SI
Xbox One,SI
Play Station 4,SI
Play Station 4,NO
Switch,NO
Switch,NO
Xbox One,NO
Xbox One,SI
Switch,SI
Switch,NO
Xbox One,NO
Xbox One,NO
Play Station 4,SI
Play Station 4,NO
Xbox One,SI
Xbox One,SI
Switch,NO
Switch,NO
Play Station 4,NO
Play Station 4,SI
Switch,NO
Switch,NO
Xbox One,NO
Xbox One,SI
Switch,SI
